{
  "mean_std": 0.000870503718033433,
  "min_std": 0.00024133057740982622,
  "max_std": 0.005581790115684271,
  "effective_rank": null,
  "collapsed": true,
  "n_samples": 2000.0,
  "dim": 128.0
}