{
  "mean_std": 0.9095187783241272,
  "min_std": 0.7393066883087158,
  "max_std": 1.0782771110534668,
  "effective_rank": 61.57735061645508,
  "collapsed": false,
  "n_samples": 2000.0,
  "dim": 128.0
}