{
  "mean_std": 1.0344250202178955,
  "min_std": 0.9338820576667786,
  "max_std": 1.155274748802185,
  "effective_rank": 87.60787200927734,
  "collapsed": false,
  "n_samples": 2000.0,
  "dim": 128.0
}